{
    "MEGCoordinateSystem": "ElektaNeuromag",
    "MEGCoordinateUnits": "m",
    "MEGCoordinateSystemDescription": "RAS orientation and the origin between the ears",
    "HeadCoilCoordinates": {
        "NAS": [
            7.450580596923828e-09,
            0.0986776053905487,
            0.0
        ],
        "LPA": [
            -0.07229076325893402,
            -2.9802322387695312e-08,
            -1.4901161193847656e-08
        ],
        "RPA": [
            0.07348047196865082,
            2.9802322387695312e-08,
            -1.4901161193847656e-08
        ],
        "coil1": [
            -0.0463925264775753,
            -0.021147938445210457,
            0.11266697943210602
        ],
        "coil2": [
            -0.05454308167099953,
            0.07474914193153381,
            0.0695992037653923
        ],
        "coil3": [
            0.06146267428994179,
            -0.015124381519854069,
            0.09647911787033081
        ],
        "coil4": [
            -0.00150630297139287,
            0.07168963551521301,
            0.07751603424549103
        ]
    },
    "HeadCoilCoordinateSystem": "ElektaNeuromag",
    "HeadCoilCoordinateUnits": "m",
    "AnatomicalLandmarkCoordinates": {
        "NAS": [
            7.450580596923828e-09,
            0.0986776053905487,
            0.0
        ],
        "LPA": [
            -0.07229076325893402,
            -2.9802322387695312e-08,
            -1.4901161193847656e-08
        ],
        "RPA": [
            0.07348047196865082,
            2.9802322387695312e-08,
            -1.4901161193847656e-08
        ],
        "coil1": [
            -0.0463925264775753,
            -0.021147938445210457,
            0.11266697943210602
        ],
        "coil2": [
            -0.05454308167099953,
            0.07474914193153381,
            0.0695992037653923
        ],
        "coil3": [
            0.06146267428994179,
            -0.015124381519854069,
            0.09647911787033081
        ],
        "coil4": [
            -0.00150630297139287,
            0.07168963551521301,
            0.07751603424549103
        ]
    },
    "AnatomicalLandmarkCoordinateSystem": "ElektaNeuromag",
    "AnatomicalLandmarkCoordinateUnits": "m"
}
