{
    "MEGCoordinateSystem": "ElektaNeuromag",
    "MEGCoordinateUnits": "m",
    "MEGCoordinateSystemDescription": "RAS orientation and the origin between the ears",
    "HeadCoilCoordinates": {
        "NAS": [
            -7.450580596923828e-09,
            0.09906446933746338,
            7.450580596923828e-09
        ],
        "LPA": [
            -0.06345336139202118,
            0.0,
            7.450580596923828e-09
        ],
        "RPA": [
            0.0658240094780922,
            -2.9802322387695312e-08,
            1.4901161193847656e-08
        ],
        "coil1": [
            0.04927493631839752,
            0.059624046087265015,
            0.08856886625289917
        ],
        "coil2": [
            0.058451246470212936,
            -0.03849905729293823,
            0.09363110363483429
        ],
        "coil3": [
            -0.0515134297311306,
            0.07008865475654602,
            0.07365898042917252
        ],
        "coil4": [
            -0.05394662171602249,
            -0.05062919855117798,
            0.09386946260929108
        ]
    },
    "HeadCoilCoordinateSystem": "ElektaNeuromag",
    "HeadCoilCoordinateUnits": "m",
    "AnatomicalLandmarkCoordinates": {
        "NAS": [
            -7.450580596923828e-09,
            0.09906446933746338,
            7.450580596923828e-09
        ],
        "LPA": [
            -0.06345336139202118,
            0.0,
            7.450580596923828e-09
        ],
        "RPA": [
            0.0658240094780922,
            -2.9802322387695312e-08,
            1.4901161193847656e-08
        ],
        "coil1": [
            0.04927493631839752,
            0.059624046087265015,
            0.08856886625289917
        ],
        "coil2": [
            0.058451246470212936,
            -0.03849905729293823,
            0.09363110363483429
        ],
        "coil3": [
            -0.0515134297311306,
            0.07008865475654602,
            0.07365898042917252
        ],
        "coil4": [
            -0.05394662171602249,
            -0.05062919855117798,
            0.09386946260929108
        ]
    },
    "AnatomicalLandmarkCoordinateSystem": "ElektaNeuromag",
    "AnatomicalLandmarkCoordinateUnits": "m"
}
