{
    "MEGCoordinateSystem": "ElektaNeuromag",
    "MEGCoordinateUnits": "m",
    "MEGCoordinateSystemDescription": "RAS orientation and the origin between the ears",
    "HeadCoilCoordinates": {
        "NAS": [
            9.313225746154785e-09,
            0.10013869404792786,
            0.0
        ],
        "LPA": [
            -0.06497460603713989,
            -2.9802322387695312e-08,
            0.0
        ],
        "RPA": [
            0.062203917652368546,
            0.0,
            0.0
        ],
        "coil1": [
            0.04820936545729637,
            -0.016130894422531128,
            0.11216551065444946
        ],
        "coil2": [
            -0.05642157047986984,
            -0.015564709901809692,
            0.11195363104343414
        ],
        "coil3": [
            -0.05656615272164345,
            0.08140745759010315,
            0.058342911303043365
        ],
        "coil4": [
            0.0329977422952652,
            0.09390571713447571,
            0.06463426351547241
        ]
    },
    "HeadCoilCoordinateSystem": "ElektaNeuromag",
    "HeadCoilCoordinateUnits": "m",
    "AnatomicalLandmarkCoordinates": {
        "NAS": [
            9.313225746154785e-09,
            0.10013869404792786,
            0.0
        ],
        "LPA": [
            -0.06497460603713989,
            -2.9802322387695312e-08,
            0.0
        ],
        "RPA": [
            0.062203917652368546,
            0.0,
            0.0
        ],
        "coil1": [
            0.04820936545729637,
            -0.016130894422531128,
            0.11216551065444946
        ],
        "coil2": [
            -0.05642157047986984,
            -0.015564709901809692,
            0.11195363104343414
        ],
        "coil3": [
            -0.05656615272164345,
            0.08140745759010315,
            0.058342911303043365
        ],
        "coil4": [
            0.0329977422952652,
            0.09390571713447571,
            0.06463426351547241
        ]
    },
    "AnatomicalLandmarkCoordinateSystem": "ElektaNeuromag",
    "AnatomicalLandmarkCoordinateUnits": "m"
}
