{
    "MEGCoordinateSystem": "ElektaNeuromag",
    "MEGCoordinateUnits": "m",
    "MEGCoordinateSystemDescription": "RAS orientation and the origin between the ears",
    "HeadCoilCoordinates": {
        "NAS": [
            7.450580596923828e-09,
            0.086971715092659,
            1.4901161193847656e-08
        ],
        "LPA": [
            -0.06662264466285706,
            0.0,
            0.0
        ],
        "RPA": [
            0.07296255230903625,
            0.0,
            -7.450580596923828e-09
        ],
        "coil1": [
            0.0775616243481636,
            -0.018414974212646484,
            0.10057899355888367
        ],
        "coil2": [
            0.04062942415475845,
            0.07839164137840271,
            0.07526060938835144
        ],
        "coil3": [
            -0.04922918602824211,
            0.06766575574874878,
            0.07611467689275742
        ],
        "coil4": [
            -0.05129063129425049,
            -0.039419710636138916,
            0.10319875925779343
        ]
    },
    "HeadCoilCoordinateSystem": "ElektaNeuromag",
    "HeadCoilCoordinateUnits": "m",
    "AnatomicalLandmarkCoordinates": {
        "NAS": [
            7.450580596923828e-09,
            0.086971715092659,
            1.4901161193847656e-08
        ],
        "LPA": [
            -0.06662264466285706,
            0.0,
            0.0
        ],
        "RPA": [
            0.07296255230903625,
            0.0,
            -7.450580596923828e-09
        ],
        "coil1": [
            0.0775616243481636,
            -0.018414974212646484,
            0.10057899355888367
        ],
        "coil2": [
            0.04062942415475845,
            0.07839164137840271,
            0.07526060938835144
        ],
        "coil3": [
            -0.04922918602824211,
            0.06766575574874878,
            0.07611467689275742
        ],
        "coil4": [
            -0.05129063129425049,
            -0.039419710636138916,
            0.10319875925779343
        ]
    },
    "AnatomicalLandmarkCoordinateSystem": "ElektaNeuromag",
    "AnatomicalLandmarkCoordinateUnits": "m"
}
