{
    "MEGCoordinateSystem": "ElektaNeuromag",
    "MEGCoordinateUnits": "m",
    "MEGCoordinateSystemDescription": "RAS orientation and the origin between the ears",
    "HeadCoilCoordinates": {
        "NAS": [
            -7.450580596923828e-09,
            0.10238143801689148,
            0.0
        ],
        "LPA": [
            -0.07177828997373581,
            2.9802322387695312e-08,
            -1.4901161193847656e-08
        ],
        "RPA": [
            0.07122660428285599,
            2.9802322387695312e-08,
            0.0
        ],
        "coil1": [
            0.05420597642660141,
            0.04883015155792236,
            0.08042210340499878
        ],
        "coil2": [
            0.07322521507740021,
            -0.03359109163284302,
            0.0735379010438919
        ],
        "coil3": [
            -0.05083976313471794,
            0.07416382431983948,
            0.06791508197784424
        ],
        "coil4": [
            -0.06314122676849365,
            -0.044358640909194946,
            0.07193785905838013
        ]
    },
    "HeadCoilCoordinateSystem": "ElektaNeuromag",
    "HeadCoilCoordinateUnits": "m",
    "AnatomicalLandmarkCoordinates": {
        "NAS": [
            -7.450580596923828e-09,
            0.10238143801689148,
            0.0
        ],
        "LPA": [
            -0.07177828997373581,
            2.9802322387695312e-08,
            -1.4901161193847656e-08
        ],
        "RPA": [
            0.07122660428285599,
            2.9802322387695312e-08,
            0.0
        ],
        "coil1": [
            0.05420597642660141,
            0.04883015155792236,
            0.08042210340499878
        ],
        "coil2": [
            0.07322521507740021,
            -0.03359109163284302,
            0.0735379010438919
        ],
        "coil3": [
            -0.05083976313471794,
            0.07416382431983948,
            0.06791508197784424
        ],
        "coil4": [
            -0.06314122676849365,
            -0.044358640909194946,
            0.07193785905838013
        ]
    },
    "AnatomicalLandmarkCoordinateSystem": "ElektaNeuromag",
    "AnatomicalLandmarkCoordinateUnits": "m"
}
