{
    "MEGCoordinateSystem": "ElektaNeuromag",
    "MEGCoordinateUnits": "m",
    "MEGCoordinateSystemDescription": "RAS orientation and the origin between the ears",
    "HeadCoilCoordinates": {
        "NAS": [
            -1.1175870895385742e-08,
            0.10275411605834961,
            7.450580596923828e-09
        ],
        "LPA": [
            -0.06918646395206451,
            1.4901161193847656e-08,
            3.725290298461914e-09
        ],
        "RPA": [
            0.06446287035942078,
            -2.9802322387695312e-08,
            7.450580596923828e-09
        ],
        "coil1": [
            -0.05532856658101082,
            -0.041693150997161865,
            0.09846624732017517
        ],
        "coil2": [
            -0.050768397748470306,
            0.0701252818107605,
            0.07217466831207275
        ],
        "coil3": [
            0.05815495550632477,
            -0.008224457502365112,
            0.10726010799407959
        ],
        "coil4": [
            0.04763520881533623,
            0.05200013518333435,
            0.09380614757537842
        ]
    },
    "HeadCoilCoordinateSystem": "ElektaNeuromag",
    "HeadCoilCoordinateUnits": "m",
    "AnatomicalLandmarkCoordinates": {
        "NAS": [
            -1.1175870895385742e-08,
            0.10275411605834961,
            7.450580596923828e-09
        ],
        "LPA": [
            -0.06918646395206451,
            1.4901161193847656e-08,
            3.725290298461914e-09
        ],
        "RPA": [
            0.06446287035942078,
            -2.9802322387695312e-08,
            7.450580596923828e-09
        ],
        "coil1": [
            -0.05532856658101082,
            -0.041693150997161865,
            0.09846624732017517
        ],
        "coil2": [
            -0.050768397748470306,
            0.0701252818107605,
            0.07217466831207275
        ],
        "coil3": [
            0.05815495550632477,
            -0.008224457502365112,
            0.10726010799407959
        ],
        "coil4": [
            0.04763520881533623,
            0.05200013518333435,
            0.09380614757537842
        ]
    },
    "AnatomicalLandmarkCoordinateSystem": "ElektaNeuromag",
    "AnatomicalLandmarkCoordinateUnits": "m"
}
