{
    "MEGCoordinateSystem": "ElektaNeuromag",
    "MEGCoordinateUnits": "m",
    "MEGCoordinateSystemDescription": "RAS orientation and the origin between the ears",
    "HeadCoilCoordinates": {
        "NAS": [
            -1.862645149230957e-09,
            0.09602326154708862,
            1.4901161193847656e-08
        ],
        "LPA": [
            -0.05919533595442772,
            0.0,
            7.450580596923828e-09
        ],
        "RPA": [
            0.06329874694347382,
            0.0,
            7.450580596923828e-09
        ],
        "coil1": [
            -0.04854559153318405,
            -0.01928764581680298,
            0.11536020040512085
        ],
        "coil2": [
            -0.04726477712392807,
            0.0738641619682312,
            0.07487131655216217
        ],
        "coil3": [
            0.06320277601480484,
            -0.01185867190361023,
            0.10514602065086365
        ],
        "coil4": [
            0.046021271497011185,
            0.0818808376789093,
            0.07424026727676392
        ]
    },
    "HeadCoilCoordinateSystem": "ElektaNeuromag",
    "HeadCoilCoordinateUnits": "m",
    "AnatomicalLandmarkCoordinates": {
        "NAS": [
            -1.862645149230957e-09,
            0.09602326154708862,
            1.4901161193847656e-08
        ],
        "LPA": [
            -0.05919533595442772,
            0.0,
            7.450580596923828e-09
        ],
        "RPA": [
            0.06329874694347382,
            0.0,
            7.450580596923828e-09
        ],
        "coil1": [
            -0.04854559153318405,
            -0.01928764581680298,
            0.11536020040512085
        ],
        "coil2": [
            -0.04726477712392807,
            0.0738641619682312,
            0.07487131655216217
        ],
        "coil3": [
            0.06320277601480484,
            -0.01185867190361023,
            0.10514602065086365
        ],
        "coil4": [
            0.046021271497011185,
            0.0818808376789093,
            0.07424026727676392
        ]
    },
    "AnatomicalLandmarkCoordinateSystem": "ElektaNeuromag",
    "AnatomicalLandmarkCoordinateUnits": "m"
}
