{
    "MEGCoordinateSystem": "ElektaNeuromag",
    "MEGCoordinateUnits": "m",
    "MEGCoordinateSystemDescription": "RAS orientation and the origin between the ears",
    "HeadCoilCoordinates": {
        "NAS": [
            5.587935447692871e-09,
            0.105561763048172,
            -7.450580596923828e-09
        ],
        "LPA": [
            -0.07404112070798874,
            2.9802322387695312e-08,
            -7.450580596923828e-09
        ],
        "RPA": [
            0.07134349644184113,
            2.9802322387695312e-08,
            -7.450580596923828e-09
        ],
        "coil1": [
            -0.04703359305858612,
            -0.0054884846322238445,
            0.11674358695745468
        ],
        "coil2": [
            -0.04608839750289917,
            0.0880507230758667,
            0.06795334815979004
        ],
        "coil3": [
            0.06935030221939087,
            -0.012679249048233032,
            0.09055081754922867
        ],
        "coil4": [
            0.046779096126556396,
            0.09048005938529968,
            0.06510595232248306
        ]
    },
    "HeadCoilCoordinateSystem": "ElektaNeuromag",
    "HeadCoilCoordinateUnits": "m",
    "AnatomicalLandmarkCoordinates": {
        "NAS": [
            5.587935447692871e-09,
            0.105561763048172,
            -7.450580596923828e-09
        ],
        "LPA": [
            -0.07404112070798874,
            2.9802322387695312e-08,
            -7.450580596923828e-09
        ],
        "RPA": [
            0.07134349644184113,
            2.9802322387695312e-08,
            -7.450580596923828e-09
        ],
        "coil1": [
            -0.04703359305858612,
            -0.0054884846322238445,
            0.11674358695745468
        ],
        "coil2": [
            -0.04608839750289917,
            0.0880507230758667,
            0.06795334815979004
        ],
        "coil3": [
            0.06935030221939087,
            -0.012679249048233032,
            0.09055081754922867
        ],
        "coil4": [
            0.046779096126556396,
            0.09048005938529968,
            0.06510595232248306
        ]
    },
    "AnatomicalLandmarkCoordinateSystem": "ElektaNeuromag",
    "AnatomicalLandmarkCoordinateUnits": "m"
}
