{
    "MEGCoordinateSystem": "ElektaNeuromag",
    "MEGCoordinateUnits": "m",
    "MEGCoordinateSystemDescription": "RAS orientation and the origin between the ears",
    "HeadCoilCoordinates": {
        "NAS": [
            -1.4901161193847656e-08,
            0.09462177753448486,
            7.450580596923828e-09
        ],
        "LPA": [
            -0.07029382884502411,
            0.0,
            0.0
        ],
        "RPA": [
            0.07100214064121246,
            0.0,
            0.0
        ],
        "coil1": [
            0.07260482758283615,
            -0.03469786047935486,
            0.07545892894268036
        ],
        "coil2": [
            0.055834490805864334,
            0.047046929597854614,
            0.08677729219198227
        ],
        "coil3": [
            -0.059157002717256546,
            0.0520913302898407,
            0.07965774834156036
        ],
        "coil4": [
            -0.06437359750270844,
            -0.044881969690322876,
            0.08967851102352142
        ]
    },
    "HeadCoilCoordinateSystem": "ElektaNeuromag",
    "HeadCoilCoordinateUnits": "m",
    "AnatomicalLandmarkCoordinates": {
        "NAS": [
            -1.4901161193847656e-08,
            0.09462177753448486,
            7.450580596923828e-09
        ],
        "LPA": [
            -0.07029382884502411,
            0.0,
            0.0
        ],
        "RPA": [
            0.07100214064121246,
            0.0,
            0.0
        ],
        "coil1": [
            0.07260482758283615,
            -0.03469786047935486,
            0.07545892894268036
        ],
        "coil2": [
            0.055834490805864334,
            0.047046929597854614,
            0.08677729219198227
        ],
        "coil3": [
            -0.059157002717256546,
            0.0520913302898407,
            0.07965774834156036
        ],
        "coil4": [
            -0.06437359750270844,
            -0.044881969690322876,
            0.08967851102352142
        ]
    },
    "AnatomicalLandmarkCoordinateSystem": "ElektaNeuromag",
    "AnatomicalLandmarkCoordinateUnits": "m"
}
