{
    "MEGCoordinateSystem": "ElektaNeuromag",
    "MEGCoordinateUnits": "m",
    "MEGCoordinateSystemDescription": "RAS orientation and the origin between the ears",
    "HeadCoilCoordinates": {
        "NAS": [
            -1.862645149230957e-09,
            0.10774850845336914,
            0.0
        ],
        "LPA": [
            -0.0673123151063919,
            0.0,
            0.0
        ],
        "RPA": [
            0.0714385136961937,
            2.9802322387695312e-08,
            7.450580596923828e-09
        ],
        "coil1": [
            0.060763537883758545,
            0.06182852387428284,
            0.0873478576540947
        ],
        "coil2": [
            0.06783076375722885,
            -0.013644487597048283,
            0.09527231752872467
        ],
        "coil3": [
            -0.06776633858680725,
            0.051034003496170044,
            0.08670370280742645
        ],
        "coil4": [
            -0.05603577941656113,
            -0.024792373180389404,
            0.09259642660617828
        ]
    },
    "HeadCoilCoordinateSystem": "ElektaNeuromag",
    "HeadCoilCoordinateUnits": "m",
    "AnatomicalLandmarkCoordinates": {
        "NAS": [
            -1.862645149230957e-09,
            0.10774850845336914,
            0.0
        ],
        "LPA": [
            -0.0673123151063919,
            0.0,
            0.0
        ],
        "RPA": [
            0.0714385136961937,
            2.9802322387695312e-08,
            7.450580596923828e-09
        ],
        "coil1": [
            0.060763537883758545,
            0.06182852387428284,
            0.0873478576540947
        ],
        "coil2": [
            0.06783076375722885,
            -0.013644487597048283,
            0.09527231752872467
        ],
        "coil3": [
            -0.06776633858680725,
            0.051034003496170044,
            0.08670370280742645
        ],
        "coil4": [
            -0.05603577941656113,
            -0.024792373180389404,
            0.09259642660617828
        ]
    },
    "AnatomicalLandmarkCoordinateSystem": "ElektaNeuromag",
    "AnatomicalLandmarkCoordinateUnits": "m"
}
