{
    "MEGCoordinateSystem": "ElektaNeuromag",
    "MEGCoordinateUnits": "m",
    "MEGCoordinateSystemDescription": "RAS orientation and the origin between the ears",
    "HeadCoilCoordinates": {
        "NAS": [
            1.1175870895385742e-08,
            0.09059935808181763,
            0.0
        ],
        "LPA": [
            -0.06509123742580414,
            0.0,
            -7.450580596923828e-09
        ],
        "RPA": [
            0.06810707598924637,
            0.0,
            -7.450580596923828e-09
        ],
        "coil1": [
            0.0407831072807312,
            0.08463773131370544,
            0.06766410171985626
        ],
        "coil2": [
            -0.046349652111530304,
            0.06663632392883301,
            0.07299652695655823
        ],
        "coil3": [
            0.06882325559854507,
            0.007834166288375854,
            0.08799371868371964
        ],
        "coil4": [
            -0.053538091480731964,
            -0.04588228464126587,
            0.08362831920385361
        ]
    },
    "HeadCoilCoordinateSystem": "ElektaNeuromag",
    "HeadCoilCoordinateUnits": "m",
    "AnatomicalLandmarkCoordinates": {
        "NAS": [
            1.1175870895385742e-08,
            0.09059935808181763,
            0.0
        ],
        "LPA": [
            -0.06509123742580414,
            0.0,
            -7.450580596923828e-09
        ],
        "RPA": [
            0.06810707598924637,
            0.0,
            -7.450580596923828e-09
        ],
        "coil1": [
            0.0407831072807312,
            0.08463773131370544,
            0.06766410171985626
        ],
        "coil2": [
            -0.046349652111530304,
            0.06663632392883301,
            0.07299652695655823
        ],
        "coil3": [
            0.06882325559854507,
            0.007834166288375854,
            0.08799371868371964
        ],
        "coil4": [
            -0.053538091480731964,
            -0.04588228464126587,
            0.08362831920385361
        ]
    },
    "AnatomicalLandmarkCoordinateSystem": "ElektaNeuromag",
    "AnatomicalLandmarkCoordinateUnits": "m"
}
