{
    "MEGCoordinateSystem": "ElektaNeuromag",
    "MEGCoordinateUnits": "m",
    "MEGCoordinateSystemDescription": "RAS orientation and the origin between the ears",
    "HeadCoilCoordinates": {
        "NAS": [
            -1.862645149230957e-09,
            0.09092137217521667,
            0.0
        ],
        "LPA": [
            -0.06187122315168381,
            0.0,
            -7.450580596923828e-09
        ],
        "RPA": [
            0.06580539792776108,
            -2.9802322387695312e-08,
            -1.4901161193847656e-08
        ],
        "coil1": [
            -0.04603733494877815,
            0.07413187623023987,
            0.0640031099319458
        ],
        "coil2": [
            -0.050560951232910156,
            -0.013282387517392635,
            0.10791226476430893
        ],
        "coil3": [
            0.06527730822563171,
            -0.009733975864946842,
            0.0958423912525177
        ],
        "coil4": [
            0.053210847079753876,
            0.05649024248123169,
            0.07894454151391983
        ]
    },
    "HeadCoilCoordinateSystem": "ElektaNeuromag",
    "HeadCoilCoordinateUnits": "m",
    "AnatomicalLandmarkCoordinates": {
        "NAS": [
            -1.862645149230957e-09,
            0.09092137217521667,
            0.0
        ],
        "LPA": [
            -0.06187122315168381,
            0.0,
            -7.450580596923828e-09
        ],
        "RPA": [
            0.06580539792776108,
            -2.9802322387695312e-08,
            -1.4901161193847656e-08
        ],
        "coil1": [
            -0.04603733494877815,
            0.07413187623023987,
            0.0640031099319458
        ],
        "coil2": [
            -0.050560951232910156,
            -0.013282387517392635,
            0.10791226476430893
        ],
        "coil3": [
            0.06527730822563171,
            -0.009733975864946842,
            0.0958423912525177
        ],
        "coil4": [
            0.053210847079753876,
            0.05649024248123169,
            0.07894454151391983
        ]
    },
    "AnatomicalLandmarkCoordinateSystem": "ElektaNeuromag",
    "AnatomicalLandmarkCoordinateUnits": "m"
}
