{
    "MEGCoordinateSystem": "ElektaNeuromag",
    "MEGCoordinateUnits": "m",
    "MEGCoordinateSystemDescription": "RAS orientation and the origin between the ears",
    "HeadCoilCoordinates": {
        "NAS": [
            4.6566128730773926e-09,
            0.10057103633880615,
            0.0
        ],
        "LPA": [
            -0.06031041219830513,
            -2.9802322387695312e-08,
            -1.1175870895385742e-08
        ],
        "RPA": [
            0.061683785170316696,
            0.0,
            -7.450580596923828e-09
        ],
        "coil1": [
            -0.045484915375709534,
            -0.004492998123168945,
            0.11129005253314972
        ],
        "coil2": [
            -0.04779847711324692,
            0.0824672281742096,
            0.06131962314248085
        ],
        "coil3": [
            0.04052998125553131,
            0.09407040476799011,
            0.05603375285863876
        ],
        "coil4": [
            0.05989643931388855,
            0.03479408845305443,
            0.08663725107908249
        ]
    },
    "HeadCoilCoordinateSystem": "ElektaNeuromag",
    "HeadCoilCoordinateUnits": "m",
    "AnatomicalLandmarkCoordinates": {
        "NAS": [
            4.6566128730773926e-09,
            0.10057103633880615,
            0.0
        ],
        "LPA": [
            -0.06031041219830513,
            -2.9802322387695312e-08,
            -1.1175870895385742e-08
        ],
        "RPA": [
            0.061683785170316696,
            0.0,
            -7.450580596923828e-09
        ],
        "coil1": [
            -0.045484915375709534,
            -0.004492998123168945,
            0.11129005253314972
        ],
        "coil2": [
            -0.04779847711324692,
            0.0824672281742096,
            0.06131962314248085
        ],
        "coil3": [
            0.04052998125553131,
            0.09407040476799011,
            0.05603375285863876
        ],
        "coil4": [
            0.05989643931388855,
            0.03479408845305443,
            0.08663725107908249
        ]
    },
    "AnatomicalLandmarkCoordinateSystem": "ElektaNeuromag",
    "AnatomicalLandmarkCoordinateUnits": "m"
}
