{
    "MEGCoordinateSystem": "ElektaNeuromag",
    "MEGCoordinateUnits": "m",
    "MEGCoordinateSystemDescription": "RAS orientation and the origin between the ears",
    "HeadCoilCoordinates": {
        "NAS": [
            3.725290298461914e-09,
            0.09238213300704956,
            -7.450580596923828e-09
        ],
        "LPA": [
            -0.06585276126861572,
            0.0,
            0.0
        ],
        "RPA": [
            0.06559741497039795,
            0.0,
            -3.725290298461914e-09
        ],
        "coil1": [
            -0.05272720754146576,
            0.07976210117340088,
            0.0612630769610405
        ],
        "coil2": [
            -0.058563217520713806,
            -0.03372964635491371,
            0.09319278597831726
        ],
        "coil3": [
            0.06734388321638107,
            -0.010026275180280209,
            0.08957037329673767
        ],
        "coil4": [
            0.05293262377381325,
            0.06987929344177246,
            0.08372966945171356
        ]
    },
    "HeadCoilCoordinateSystem": "ElektaNeuromag",
    "HeadCoilCoordinateUnits": "m",
    "AnatomicalLandmarkCoordinates": {
        "NAS": [
            3.725290298461914e-09,
            0.09238213300704956,
            -7.450580596923828e-09
        ],
        "LPA": [
            -0.06585276126861572,
            0.0,
            0.0
        ],
        "RPA": [
            0.06559741497039795,
            0.0,
            -3.725290298461914e-09
        ],
        "coil1": [
            -0.05272720754146576,
            0.07976210117340088,
            0.0612630769610405
        ],
        "coil2": [
            -0.058563217520713806,
            -0.03372964635491371,
            0.09319278597831726
        ],
        "coil3": [
            0.06734388321638107,
            -0.010026275180280209,
            0.08957037329673767
        ],
        "coil4": [
            0.05293262377381325,
            0.06987929344177246,
            0.08372966945171356
        ]
    },
    "AnatomicalLandmarkCoordinateSystem": "ElektaNeuromag",
    "AnatomicalLandmarkCoordinateUnits": "m"
}
