{
    "MEGCoordinateSystem": "ElektaNeuromag",
    "MEGCoordinateUnits": "m",
    "MEGCoordinateSystemDescription": "RAS orientation and the origin between the ears",
    "HeadCoilCoordinates": {
        "NAS": [
            0.0,
            0.09542199969291687,
            7.450580596923828e-09
        ],
        "LPA": [
            -0.06808982789516449,
            0.0,
            -7.450580596923828e-09
        ],
        "RPA": [
            0.0712946355342865,
            0.0,
            -7.450580596923828e-09
        ],
        "coil1": [
            -0.04534699022769928,
            0.0803145170211792,
            0.07545176148414612
        ],
        "coil2": [
            -0.050609126687049866,
            -0.032664984464645386,
            0.10085023939609528
        ],
        "coil3": [
            0.07106797397136688,
            -0.020521730184555054,
            0.09081874787807465
        ],
        "coil4": [
            0.05751461163163185,
            0.06681109219789505,
            0.08026625961065292
        ]
    },
    "HeadCoilCoordinateSystem": "ElektaNeuromag",
    "HeadCoilCoordinateUnits": "m",
    "AnatomicalLandmarkCoordinates": {
        "NAS": [
            0.0,
            0.09542199969291687,
            7.450580596923828e-09
        ],
        "LPA": [
            -0.06808982789516449,
            0.0,
            -7.450580596923828e-09
        ],
        "RPA": [
            0.0712946355342865,
            0.0,
            -7.450580596923828e-09
        ],
        "coil1": [
            -0.04534699022769928,
            0.0803145170211792,
            0.07545176148414612
        ],
        "coil2": [
            -0.050609126687049866,
            -0.032664984464645386,
            0.10085023939609528
        ],
        "coil3": [
            0.07106797397136688,
            -0.020521730184555054,
            0.09081874787807465
        ],
        "coil4": [
            0.05751461163163185,
            0.06681109219789505,
            0.08026625961065292
        ]
    },
    "AnatomicalLandmarkCoordinateSystem": "ElektaNeuromag",
    "AnatomicalLandmarkCoordinateUnits": "m"
}
