{
    "MEGCoordinateSystem": "ElektaNeuromag",
    "MEGCoordinateUnits": "m",
    "MEGCoordinateSystemDescription": "RAS orientation and the origin between the ears",
    "HeadCoilCoordinates": {
        "NAS": [
            -7.450580596923828e-09,
            0.09352117776870728,
            -7.450580596923828e-09
        ],
        "LPA": [
            -0.06447206437587738,
            -2.9802322387695312e-08,
            0.0
        ],
        "RPA": [
            0.06828449666500092,
            -2.9802322387695312e-08,
            0.0
        ],
        "coil1": [
            0.06518885493278503,
            -0.021432608366012573,
            0.08234641700983047
        ],
        "coil2": [
            0.04253789409995079,
            0.08127236366271973,
            0.07156094908714294
        ],
        "coil3": [
            -0.04714840650558472,
            -0.031261563301086426,
            0.10836413502693176
        ],
        "coil4": [
            -0.04649689793586731,
            0.07475936412811279,
            0.07069271802902222
        ]
    },
    "HeadCoilCoordinateSystem": "ElektaNeuromag",
    "HeadCoilCoordinateUnits": "m",
    "AnatomicalLandmarkCoordinates": {
        "NAS": [
            -7.450580596923828e-09,
            0.09352117776870728,
            -7.450580596923828e-09
        ],
        "LPA": [
            -0.06447206437587738,
            -2.9802322387695312e-08,
            0.0
        ],
        "RPA": [
            0.06828449666500092,
            -2.9802322387695312e-08,
            0.0
        ],
        "coil1": [
            0.06518885493278503,
            -0.021432608366012573,
            0.08234641700983047
        ],
        "coil2": [
            0.04253789409995079,
            0.08127236366271973,
            0.07156094908714294
        ],
        "coil3": [
            -0.04714840650558472,
            -0.031261563301086426,
            0.10836413502693176
        ],
        "coil4": [
            -0.04649689793586731,
            0.07475936412811279,
            0.07069271802902222
        ]
    },
    "AnatomicalLandmarkCoordinateSystem": "ElektaNeuromag",
    "AnatomicalLandmarkCoordinateUnits": "m"
}
