{
    "MEGCoordinateSystem": "ElektaNeuromag",
    "MEGCoordinateUnits": "m",
    "MEGCoordinateSystemDescription": "RAS orientation and the origin between the ears",
    "HeadCoilCoordinates": {
        "NAS": [
            -1.7229467630386353e-08,
            0.09538790583610535,
            0.0
        ],
        "LPA": [
            -0.0662967711687088,
            2.9802322387695312e-08,
            -1.4901161193847656e-08
        ],
        "RPA": [
            0.06922375410795212,
            2.9802322387695312e-08,
            0.0
        ],
        "coil1": [
            0.05602875351905823,
            0.04361876845359802,
            0.08892224729061127
        ],
        "coil2": [
            0.06755317747592926,
            -0.029136836528778076,
            0.08498810231685638
        ],
        "coil3": [
            -0.04640982672572136,
            -0.05051037669181824,
            0.09769250452518463
        ],
        "coil4": [
            -0.06140033155679703,
            0.043941378593444824,
            0.08205178380012512
        ]
    },
    "HeadCoilCoordinateSystem": "ElektaNeuromag",
    "HeadCoilCoordinateUnits": "m",
    "AnatomicalLandmarkCoordinates": {
        "NAS": [
            -1.7229467630386353e-08,
            0.09538790583610535,
            0.0
        ],
        "LPA": [
            -0.0662967711687088,
            2.9802322387695312e-08,
            -1.4901161193847656e-08
        ],
        "RPA": [
            0.06922375410795212,
            2.9802322387695312e-08,
            0.0
        ],
        "coil1": [
            0.05602875351905823,
            0.04361876845359802,
            0.08892224729061127
        ],
        "coil2": [
            0.06755317747592926,
            -0.029136836528778076,
            0.08498810231685638
        ],
        "coil3": [
            -0.04640982672572136,
            -0.05051037669181824,
            0.09769250452518463
        ],
        "coil4": [
            -0.06140033155679703,
            0.043941378593444824,
            0.08205178380012512
        ]
    },
    "AnatomicalLandmarkCoordinateSystem": "ElektaNeuromag",
    "AnatomicalLandmarkCoordinateUnits": "m"
}
