{
    "MEGCoordinateSystem": "ElektaNeuromag",
    "MEGCoordinateUnits": "m",
    "MEGCoordinateSystemDescription": "RAS orientation and the origin between the ears",
    "HeadCoilCoordinates": {
        "NAS": [
            -3.725290298461914e-09,
            0.09510262310504913,
            0.0
        ],
        "LPA": [
            -0.06561469286680222,
            1.4901161193847656e-08,
            3.725290298461914e-09
        ],
        "RPA": [
            0.06822329759597778,
            2.9802322387695312e-08,
            7.450580596923828e-09
        ],
        "coil1": [
            0.05651101842522621,
            0.0581112802028656,
            0.08260805904865265
        ],
        "coil2": [
            0.04538298398256302,
            -0.014641433954238892,
            0.11586429178714752
        ],
        "coil3": [
            -0.05959456413984299,
            -0.03097592294216156,
            0.09154617786407471
        ],
        "coil4": [
            -0.046006374061107635,
            0.07257026433944702,
            0.06788787245750427
        ]
    },
    "HeadCoilCoordinateSystem": "ElektaNeuromag",
    "HeadCoilCoordinateUnits": "m",
    "AnatomicalLandmarkCoordinates": {
        "NAS": [
            -3.725290298461914e-09,
            0.09510262310504913,
            0.0
        ],
        "LPA": [
            -0.06561469286680222,
            1.4901161193847656e-08,
            3.725290298461914e-09
        ],
        "RPA": [
            0.06822329759597778,
            2.9802322387695312e-08,
            7.450580596923828e-09
        ],
        "coil1": [
            0.05651101842522621,
            0.0581112802028656,
            0.08260805904865265
        ],
        "coil2": [
            0.04538298398256302,
            -0.014641433954238892,
            0.11586429178714752
        ],
        "coil3": [
            -0.05959456413984299,
            -0.03097592294216156,
            0.09154617786407471
        ],
        "coil4": [
            -0.046006374061107635,
            0.07257026433944702,
            0.06788787245750427
        ]
    },
    "AnatomicalLandmarkCoordinateSystem": "ElektaNeuromag",
    "AnatomicalLandmarkCoordinateUnits": "m"
}
