{
    "MEGCoordinateSystem": "ElektaNeuromag",
    "MEGCoordinateUnits": "m",
    "MEGCoordinateSystemDescription": "RAS orientation and the origin between the ears",
    "HeadCoilCoordinates": {
        "NAS": [
            -9.313225746154785e-10,
            0.08973097801208496,
            7.450580596923828e-09
        ],
        "LPA": [
            -0.06766252219676971,
            2.9802322387695312e-08,
            2.2351741790771484e-08
        ],
        "RPA": [
            0.07013906538486481,
            0.0,
            2.2351741790771484e-08
        ],
        "coil1": [
            -0.060448210686445236,
            -0.03494468331336975,
            0.08111084252595901
        ],
        "coil2": [
            -0.05115886032581329,
            0.07560443878173828,
            0.06522722542285919
        ],
        "coil3": [
            0.06595249474048615,
            -0.00816616415977478,
            0.09652791917324066
        ],
        "coil4": [
            0.05334024876356125,
            0.06615938991308212,
            0.0787310004234314
        ]
    },
    "HeadCoilCoordinateSystem": "ElektaNeuromag",
    "HeadCoilCoordinateUnits": "m",
    "AnatomicalLandmarkCoordinates": {
        "NAS": [
            -9.313225746154785e-10,
            0.08973097801208496,
            7.450580596923828e-09
        ],
        "LPA": [
            -0.06766252219676971,
            2.9802322387695312e-08,
            2.2351741790771484e-08
        ],
        "RPA": [
            0.07013906538486481,
            0.0,
            2.2351741790771484e-08
        ],
        "coil1": [
            -0.060448210686445236,
            -0.03494468331336975,
            0.08111084252595901
        ],
        "coil2": [
            -0.05115886032581329,
            0.07560443878173828,
            0.06522722542285919
        ],
        "coil3": [
            0.06595249474048615,
            -0.00816616415977478,
            0.09652791917324066
        ],
        "coil4": [
            0.05334024876356125,
            0.06615938991308212,
            0.0787310004234314
        ]
    },
    "AnatomicalLandmarkCoordinateSystem": "ElektaNeuromag",
    "AnatomicalLandmarkCoordinateUnits": "m"
}
